1,We may use your personal data to create targeted marketing profiles for our partners.,Malicious
2,Our customer support team is available to help you with any questions about our services.,Benign
3,We reserve the right to alter or remove features without prior notice to users.,Malicious
4,You can easily review and update your personal information through your account settings.,Benign
5,We reserve the right to alter or remove features without prior notice to users.,Malicious
6,You can easily review and update your personal information through your account settings.,Benign
7,We may use your personal data to create targeted marketing profiles for our partners.,Malicious
8,Our customer support team is available to help you with any questions about our services.,Benign
9,We reserve the right to alter or remove features without prior notice to users.,Malicious
10,You can easily review and update your personal information through your account settings.,Benign
11,We may use your personal data to create targeted marketing profiles for our partners.,Malicious
12,You can easily review and update your personal information through your account settings.,Benign
13,We reserve the right to alter or remove features without prior notice to users.,Malicious
14,Our customer support team is available to help you with any questions about our services.,Benign
15,We may use your personal data to create targeted marketing profiles for our partners.,Malicious
16,You can easily review and update your personal information through your account settings.,Benign
17,We reserve the right to alter or remove features without prior notice to users.,Malicious
18,You can easily review and update your personal information through your account settings.,Benign
19,We may use your personal data to create targeted marketing profiles for our partners.,Malicious
20,Our customer support team is available to help you with any questions about our services.,Benign
21,We reserve the right to alter or remove features without prior notice to users.,Malicious
22,You can easily review and update your personal information through your account settings.,Benign
23,We may use your personal data to create targeted marketing profiles for our partners.,Malicious
24,Our customer support team is available to help you with any questions about our services.,Benign
25,We reserve the right to alter or remove features without prior notice to users.,Malicious
26,Our customer support team is available to help you with any questions about our services.,Benign
27,We reserve the right to alter or remove features without prior notice to users.,Malicious
28,Our customer support team is available to help you with any questions about our services.,Benign
29,We may use your personal data to create targeted marketing profiles for our partners.,Malicious
30,Our customer support team is available to help you with any questions about our services.,Benign
31,We reserve the right to alter or remove features without prior notice to users.,Malicious
32,Our customer support team is available to help you with any questions about our services.,Benign
33,We reserve the right to alter or remove features without prior notice to users.,Malicious
34,Our customer support team is available to help you with any questions about our services.,Benign
35,We may use your personal data to create targeted marketing profiles for our partners.,Malicious
36,Our customer support team is available to help you with any questions about our services.,Benign
37,We may use your personal data to create targeted marketing profiles for our partners.,Malicious
38,You can easily review and update your personal information through your account settings.,Benign
39,We may use your personal data to create targeted marketing profiles for our partners.,Malicious
40,Our customer support team is available to help you with any questions about our services.,Benign
41,We may use your personal data to create targeted marketing profiles for our partners.,Malicious
42,You can easily review and update your personal information through your account settings.,Benign
43,We reserve the right to alter or remove features without prior notice to users.,Malicious
44,You can easily review and update your personal information through your account settings.,Benign
45,We may use your personal data to create targeted marketing profiles for our partners.,Malicious
46,Our customer support team is available to help you with any questions about our services.,Benign
47,We reserve the right to alter or remove features without prior notice to users.,Malicious
48,Our customer support team is available to help you with any questions about our services.,Benign
49,We reserve the right to alter or remove features without prior notice to users.,Malicious
50,Our customer support team is available to help you with any questions about our services.,Benign
51,We may use your personal data to create targeted marketing profiles for our partners.,Malicious
52,Our customer support team is available to help you with any questions about our services.,Benign
53,We may use your personal data to create targeted marketing profiles for our partners.,Malicious
54,Our customer support team is available to help you with any questions about our services.,Benign
55,We may use your personal data to create targeted marketing profiles for our partners.,Malicious
56,Our customer support team is available to help you with any questions about our services.,Benign
57,We may use your personal data to create targeted marketing profiles for our partners.,Malicious
58,You can easily review and update your personal information through your account settings.,Benign
59,We reserve the right to alter or remove features without prior notice to users.,Malicious
60,You can easily review and update your personal information through your account settings.,Benign
61,We may use your personal data to create targeted marketing profiles for our partners.,Malicious
62,Our customer support team is available to help you with any questions about our services.,Benign
63,We reserve the right to alter or remove features without prior notice to users.,Malicious
64,Our customer support team is available to help you with any questions about our services.,Benign
65,We may use your personal data to create targeted marketing profiles for our partners.,Malicious
66,Our customer support team is available to help you with any questions about our services.,Benign
67,We may use your personal data to create targeted marketing profiles for our partners.,Malicious
68,You can easily review and update your personal information through your account settings.,Benign
69,We may use your personal data to create targeted marketing profiles for our partners.,Malicious
70,You can easily review and update your personal information through your account settings.,Benign
71,We reserve the right to alter or remove features without prior notice to users.,Malicious
72,Our customer support team is available to help you with any questions about our services.,Benign
73,We reserve the right to alter or remove features without prior notice to users.,Malicious
74,You can easily review and update your personal information through your account settings.,Benign
75,We may use your personal data to create targeted marketing profiles for our partners.,Malicious
76,You can easily review and update your personal information through your account settings.,Benign
77,We may use your personal data to create targeted marketing profiles for our partners.,Malicious
78,You can easily review and update your personal information through your account settings.,Benign
79,We reserve the right to alter or remove features without prior notice to users.,Malicious
80,You can easily review and update your personal information through your account settings.,Benign
81,We may use your personal data to create targeted marketing profiles for our partners.,Malicious
82,You can easily review and update your personal information through your account settings.,Benign
83,We may use your personal data to create targeted marketing profiles for our partners.,Malicious
84,Our customer support team is available to help you with any questions about our services.,Benign
85,We may use your personal data to create targeted marketing profiles for our partners.,Malicious
86,You can easily review and update your personal information through your account settings.,Benign
87,We reserve the right to alter or remove features without prior notice to users.,Malicious
88,You can easily review and update your personal information through your account settings.,Benign
89,We reserve the right to alter or remove features without prior notice to users.,Malicious
90,You can easily review and update your personal information through your account settings.,Benign
91,We may use your personal data to create targeted marketing profiles for our partners.,Malicious
92,Our customer support team is available to help you with any questions about our services.,Benign
93,We reserve the right to alter or remove features without prior notice to users.,Malicious
94,You can easily review and update your personal information through your account settings.,Benign
95,We may use your personal data to create targeted marketing profiles for our partners.,Malicious
96,Our customer support team is available to help you with any questions about our services.,Benign
97,We reserve the right to alter or remove features without prior notice to users.,Malicious
98,Our customer support team is available to help you with any questions about our services.,Benign
99,We reserve the right to alter or remove features without prior notice to users.,Malicious
100,You can easily review and update your personal information through your account settings.,Benign
